RecruiterKey,RecruiterName,Email,Phone,LocationKey
1,Ashley Ellis,recruiter1@example.com,+918000000001,1
2,Spencer Wilkinson,recruiter2@example.com,+918000000002,2
3,Zachary Blankenship,recruiter3@example.com,+918000000003,3
4,Melanie Castillo,recruiter4@example.com,+918000000004,4
5,Evan Schroeder,recruiter5@example.com,+918000000005,5
6,Andrew Hunter,recruiter6@example.com,+918000000006,6
7,Jesse Robertson,recruiter7@example.com,+918000000007,1
8,Shannon Ramos,recruiter8@example.com,+918000000008,2
9,Alison Cook,recruiter9@example.com,+918000000009,3
10,Jordan Blackwell,recruiter10@example.com,+918000000010,4
11,Dr. Kristy Johnson,recruiter11@example.com,+918000000011,5
12,Michelle Moreno,recruiter12@example.com,+918000000012,6
13,Rebecca Duncan,recruiter13@example.com,+918000000013,1
14,Jerry Olson,recruiter14@example.com,+918000000014,2
15,Jonathan Kennedy,recruiter15@example.com,+918000000015,3
16,Ashley Walters,recruiter16@example.com,+918000000016,4
17,Cassandra Jones,recruiter17@example.com,+918000000017,5
18,Gary Hill,recruiter18@example.com,+918000000018,6
19,Sandra Patton,recruiter19@example.com,+918000000019,1
20,Lori Bruce,recruiter20@example.com,+918000000020,2
21,Monica Nguyen,recruiter21@example.com,+918000000021,3
22,Christopher Burns,recruiter22@example.com,+918000000022,4
23,Alexandria Byrd,recruiter23@example.com,+918000000023,5
24,John Henderson,recruiter24@example.com,+918000000024,6
25,Kristine White,recruiter25@example.com,+918000000025,1
26,Nicholas Vaughn,recruiter26@example.com,+918000000026,2
27,Sydney Ramirez,recruiter27@example.com,+918000000027,3
28,Heidi Simpson,recruiter28@example.com,+918000000028,4
29,Carl Martinez,recruiter29@example.com,+918000000029,5
30,Cassandra Armstrong,recruiter30@example.com,+918000000030,6
31,Yolanda Barber,recruiter31@example.com,+918000000031,1
32,Desiree Fisher,recruiter32@example.com,+918000000032,2
33,Alice Weaver,recruiter33@example.com,+918000000033,3
34,Jacqueline Campbell,recruiter34@example.com,+918000000034,4
35,David Ewing,recruiter35@example.com,+918000000035,5
36,Joshua Simpson,recruiter36@example.com,+918000000036,6
37,Amanda Joyce,recruiter37@example.com,+918000000037,1
38,Sean White,recruiter38@example.com,+918000000038,2
39,Ronald Bernard,recruiter39@example.com,+918000000039,3
40,Carly French,recruiter40@example.com,+918000000040,4
41,Claire King,recruiter41@example.com,+918000000041,5
42,Christopher James,recruiter42@example.com,+918000000042,6
43,Kathryn Herrera,recruiter43@example.com,+918000000043,1
44,Jennifer Hartman,recruiter44@example.com,+918000000044,2
45,William Reeves,recruiter45@example.com,+918000000045,3
46,Dr. Angela Harris,recruiter46@example.com,+918000000046,4
47,Albert Calderon,recruiter47@example.com,+918000000047,5
48,Stephanie White,recruiter48@example.com,+918000000048,6
49,Teresa Ross,recruiter49@example.com,+918000000049,1
50,John Ayala,recruiter50@example.com,+918000000050,2
